# 1. 获取所有数据表
mysql> SELECT  * FROM information_schema.tables LIMIT 1;
+---------------+--------------------+----------------+-------------+--------+---------+------------+------------+----------------+-------------+-----------------+--------------+-----------+----------------+---------------------+-------------+------------+-----------------+----------+----------------+---------------+
| TABLE_CATALOG | TABLE_SCHEMA       | TABLE_NAME     | TABLE_TYPE  | ENGINE | VERSION | ROW_FORMAT | TABLE_ROWS | AVG_ROW_LENGTH | DATA_LENGTH | MAX_DATA_LENGTH | INDEX_LENGTH | DATA_FREE | AUTO_INCREMENT | CREATE_TIME         | UPDATE_TIME | CHECK_TIME | TABLE_COLLATION | CHECKSUM | CREATE_OPTIONS | TABLE_COMMENT |
+---------------+--------------------+----------------+-------------+--------+---------+------------+------------+----------------+-------------+-----------------+--------------+-----------+----------------+---------------------+-------------+------------+-----------------+----------+----------------+---------------+
| def           | information_schema | CHARACTER_SETS | SYSTEM VIEW | MEMORY |      10 | Fixed      |       NULL |            384 |           0 |        16434816 |            0 |         0 |           NULL | 2020-10-16 15:22:49 | NULL        | NULL       | utf8_general_ci |     NULL | max_rows=43690 |               |
+---------------+--------------------+----------------+-------------+--------+---------+------------+------------+----------------+-------------+-----------------+--------------+-----------+----------------+---------------------+-------------+------------+-----------------+----------+----------------+---------------+
1 row in set (0.00 sec)



# 2. 获取所有数据库
mysql> SELECT TABLE_SCHEMA AS dbName FROM  information_schema.tables GROUP BY TABLE_SCHEMA;
+--------------------+
| dbName             |
+--------------------+
| db1                |
| information_schema |
| mt_gk_czdb         |
+--------------------+
3 rows in set (0.00 sec)

TABLE_CATALOG, TABLE_SCHEMA, TABLE_NAME,

# 3. 查询数据表信息
mysql> SELECT * FROM information_schema.tables WHERE TABLE_SCHEMA != 'information_schema';
+---------------+--------------+----------------------------+------------+--------+---------+------------+------------+----------------+-------------+-----------------+--------------+-----------+----------------+---------------------+---------------------+------------+-----------------+----------+--------------------+---------------+
| TABLE_CATALOG | TABLE_SCHEMA | TABLE_NAME                 | TABLE_TYPE | ENGINE | VERSION | ROW_FORMAT | TABLE_ROWS | AVG_ROW_LENGTH | DATA_LENGTH | MAX_DATA_LENGTH | INDEX_LENGTH | DATA_FREE | AUTO_INCREMENT | CREATE_TIME         | UPDATE_TIME         | CHECK_TIME | TABLE_COLLATION | CHECKSUM | CREATE_OPTIONS     | TABLE_COMMENT |
+---------------+--------------+----------------------------+------------+--------+---------+------------+------------+----------------+-------------+-----------------+--------------+-----------+----------------+---------------------+---------------------+------------+-----------------+----------+--------------------+---------------+
| def           | db1          | course                     | BASE TABLE | InnoDB |      10 | Dynamic    |          3 |           5461 |       16384 |               0 |            0 |         0 |              4 | 2020-10-15 14:33:18 | NULL                | NULL       | utf8_general_ci |     NULL |                    |               |
| def           | db1          | food_carousel              | BASE TABLE | InnoDB |      10 | Dynamic    |          0 |              0 |       16384 |               0 |            0 |         0 |           NULL | 2020-10-10 21:34:02 | NULL                | NULL       | utf8_general_ci |     NULL |                    |               |
| def           | db1          | food_category              | BASE TABLE | InnoDB |      10 | Dynamic    |         10 |           1638 |       16384 |               0 |        16384 |         0 |           NULL | 2020-10-11 08:15:39 | NULL                | NULL       | utf8_general_ci |     NULL |                    |               |
| def           | db1          | food_user                  | BASE TABLE | InnoDB |      10 | Dynamic    |          2 |           8192 |       16384 |               0 |        16384 |         0 |           NULL | 2020-10-06 15:21:43 | NULL                | NULL       | utf8_general_ci |     NULL |                    |               |
| def           | db1          | student                    | BASE TABLE | InnoDB |      10 | Dynamic    |          5 |           3276 |       16384 |               0 |            0 |         0 |              6 | 2020-10-15 14:34:11 | NULL                | NULL       | utf8_general_ci |     NULL |                    |               |
| def           | mt_gk_czdb   | budget_data                | BASE TABLE | InnoDB |      10 | Dynamic    |          0 |              0 |       16384 |               0 |            0 |         0 |           NULL | 2020-09-27 14:31:23 | NULL                | NULL       | utf8_general_ci |     NULL |                    |               |
| def           | mt_gk_czdb   | budget_voucher             | BASE TABLE | MyISAM |      10 | Dynamic    |      16801 |            621 |    10447568 | 281474976710655 |       736256 |         0 |           NULL | 2020-10-10 11:33:44 | 2020-10-10 11:37:13 | NULL       | utf8_general_ci |     NULL | row_format=DYNAMIC |               |
| def           | mt_gk_czdb   | budget_voucher_bill        | BASE TABLE | MyISAM |      10 | Dynamic    |      16522 |            174 |     2875148 | 281474976710655 |       451584 |         0 |           NULL | 2020-10-10 11:37:13 | 2020-10-10 11:40:34 | NULL       | utf8_general_ci |     NULL | row_format=DYNAMIC |               |
| def           | mt_gk_czdb   | ele_budget_subject         | BASE TABLE | MyISAM |      10 | Dynamic    |       1794 |            355 |      637832 | 281474976710655 |       235520 |         0 |           NULL | 2020-10-10 15:44:15 | 2020-10-10 15:44:40 | NULL       | utf8_general_ci |     NULL | row_format=DYNAMIC |               |
| def           | mt_gk_czdb   | ele_enterprise             | BASE TABLE | MyISAM |      10 | Dynamic    |        433 |            433 |      187864 | 281474976710655 |        78848 |         0 |           NULL | 2020-10-10 11:40:54 | 2020-10-10 11:40:59 | NULL       | utf8_general_ci |     NULL | row_format=DYNAMIC |               |
| def           | mt_gk_czdb   | gl_ccids                   | BASE TABLE | MyISAM |      10 | Dynamic    |      42210 |           1172 |    49503512 | 281474976710655 |       876544 |         0 |           NULL | 2020-10-10 11:40:59 | 2020-10-10 11:49:38 | NULL       | utf8_general_ci |     NULL |                    |               |
| def           | mt_gk_czdb   | mt_rd_dept_budget_index    | BASE TABLE | InnoDB |      10 | Dynamic    |          0 |              0 |       16384 |               0 |        16384 |         0 |           NULL | 2020-09-25 11:55:35 | NULL                | NULL       | utf8_general_ci |     NULL | row_format=DYNAMIC |               |
| def           | mt_gk_czdb   | mt_rd_dept_payment_voucher | BASE TABLE | InnoDB |      10 | Dynamic    |          0 |              0 |       16384 |               0 |        16384 |         0 |           NULL | 2020-09-25 11:55:35 | NULL                | NULL       | utf8_general_ci |     NULL | row_format=DYNAMIC |               |
| def           | mt_gk_czdb   | pay_data                   | BASE TABLE | InnoDB |      10 | Dynamic    |          0 |              0 |       16384 |               0 |            0 |         0 |           NULL | 2020-09-27 14:33:10 | NULL                | NULL       | utf8_general_ci |     NULL |                    |               |
| def           | mt_gk_czdb   | pay_voucher                | BASE TABLE | MyISAM |      10 | Dynamic    |      41986 |            664 |    27909972 | 281474976710655 |      3152896 |         0 |           NULL | 2020-10-10 11:49:38 | 2020-10-10 11:58:40 | NULL       | utf8_general_ci |     NULL | row_format=DYNAMIC |               |
| def           | mt_gk_czdb   | pay_voucher_bill           | BASE TABLE | MyISAM |      10 | Dynamic    |      41406 |            257 |    10644960 | 281474976710655 |      1229824 |         0 |           NULL | 2020-10-10 11:58:41 | 2020-10-10 12:07:50 | NULL       | utf8_general_ci |     NULL | row_format=DYNAMIC |               |
| def           | mt_gk_czdb   | plan_voucher               | BASE TABLE | MyISAM |      10 | Dynamic    |      17578 |            646 |    11356496 | 281474976710655 |       448512 |         0 |           NULL | 2020-10-10 12:07:51 | 2020-10-10 12:11:17 | NULL       | utf8_general_ci |     NULL | row_format=DYNAMIC |               |
+---------------+--------------+----------------------------+------------+--------+---------+------------+------------+----------------+-------------+-----------------+--------------+-----------+----------------+---------------------+---------------------+------------+-----------------+----------+--------------------+---------------+
17 rows in set (0.00 sec)

